COMPONENT SECTION,MATERIAL,SIZE,STOCK CODE,STOCK DESCRIPTION,AverageBuyingPrice
Bar material / finish,Bare Hard Drawn Copper Bar,10 x 5,HD1005,BARE HARD DRAWN COPPER BAR 10 X 5MM,2.19
Bar material / finish,Tinned Hard Drawn Copper Bar,10 x 5,HDT1005,TINNED HARD DRAWN COPPER BAR 10 X 5MM,0
Bar material / finish,Bare Hard Drawn Copper Bar,100 x 10,HD10010,BARE HARD DRAWN COPPER BAR 100 X 10MM,60.41153
Bar material / finish,Tinned Hard Drawn Copper Bar,100 x 10,HDT10010,TINNED HARD DRAWN COPPER BAR 100 X 10MM,62.3
Bar material / finish,Bare Hard Drawn Copper Bar,100 x 12,HD10012,BARE HARD DRAWN COPPER BAR 100 X 12MM,62.2
Bar material / finish,Tinned Hard Drawn Copper Bar,100 x 12,HDT10012,TINNED HARD DRAWN COPPER BAR 100 X 12MM,0
Bar material / finish,Bare Hard Drawn Copper Bar,100 x 15,HD10015,BARE HARD DRAWN COPPER BAR 100 X 15MM,
Bar material / finish,Tinned Hard Drawn Copper Bar,100 x 15,HDT10015,TINNED HARD DRAWN COPPER BAR 100 X 15MM,
Bar material / finish,Bare Hard Drawn Copper Bar,100 x 4,HD10004,BARE HARD DRAWN COPPER BAR 100 X 4MM,19.58
Bar material / finish,Tinned Hard Drawn Copper Bar,100 x 4,HDT10004,TINNED HARD DRAWN COPPER BAR 100 X 4MM,0
Bar material / finish,Bare Hard Drawn Copper Bar,100 x 5,HD10005,BARE HARD DRAWN COPPER BAR 100 X 5MM,26.7
Bar material / finish,Tinned Hard Drawn Copper Bar,100 x 5,HDT10005,TINNED HARD DRAWN COPPER BAR 100 X 5MM,17.78
Bar material / finish,Bare Hard Drawn Copper Bar,100 x 6,HD10006,BARE HARD DRAWN COPPER BAR 100 X 6MM,43.24893
Bar material / finish,Tinned Hard Drawn Copper Bar,100 x 6,HDT10006,TINNED HARD DRAWN COPPER BAR 100 X 6MM,37.832
Bar material / finish,Bare Hard Drawn Copper Bar,100 x 8,HD10008,BARE HARD DRAWN COPPER BAR 100 X 8MM,58.63177
Bar material / finish,Tinned Hard Drawn Copper Bar,100 x 8,HDT10008,TINNED HARD DRAWN COPPER BAR 100 X 8MM,
Bar material / finish,Bare Hard Drawn Copper Bar,120 x 10,HD12010,BARE HARD DRAWN COPPER BAR 120 X 10MM,45.39
Bar material / finish,Tinned Hard Drawn Copper Bar,120 x 10,HDT12010,TINNED HARD DRAWN COPPER BAR 120 X 10MM,
Bar material / finish,Bare Hard Drawn Copper Bar,120 x 12,HD12012,BARE HARD DRAWN COPPER BAR 120 X 12MM,
Bar material / finish,Tinned Hard Drawn Copper Bar,120 x 12,HDT12012,TINNED HARD DRAWN COPPER BAR 120 X 12MM,
Bar material / finish,Bare Hard Drawn Copper Bar,120 x 5,HD12005,BARE HARD DRAWN COPPER BAR 120 X 5MM,32.25
Bar material / finish,Tinned Hard Drawn Copper Bar,120 x 5,HDT12005,TINNED HARD DRAWN COPPER BAR 120 X 5MM,
Bar material / finish,Bare Hard Drawn Copper Bar,120 x 6,HD12006,BARE HARD DRAWN COPPER BAR 120 X 6MM,
Bar material / finish,Tinned Hard Drawn Copper Bar,120 x 6,HDT12006,TINNED HARD DRAWN COPPER BAR 120 X 6MM,
Bar material / finish,Bare Hard Drawn Copper Bar,120 x 8,HD12008,BARE HARD DRAWN COPPER BAR 120 X 8MM,
Bar material / finish,Tinned Hard Drawn Copper Bar,120 x 8,HDT12008,TINNED HARD DRAWN COPPER BAR 120 X 8MM,
Bar material / finish,Bare Hard Drawn Copper Bar,125 X 10,HD12510,BARE HARD DRAWN COPPER BAR 125 X 10MM,
Bar material / finish,Tinned Hard Drawn Copper Bar,125 X 10,HDT12510,TINNED HARD DRAWN COPPER BAR 125 X 10MM,
Bar material / finish,Bare Hard Drawn Copper Bar,125 x 12,HD12512,BARE HARD DRAWN COPPER BAR 125 X 12MM,
Bar material / finish,Tinned Hard Drawn Copper Bar,125 x 12,HDT12512,TINNED HARD DRAWN COPPER BAR 125 X 12MM,
Bar material / finish,Bare Hard Drawn Copper Bar,125 x 6,HD12506,BARE HARD DRAWN COPPER BAR 125 X 6MM,
Bar material / finish,Tinned Hard Drawn Copper Bar,125 x 6,HDT12506,TINNED HARD DRAWN COPPER BAR 125 X 6MM,
Bar material / finish,Bare Hard Drawn Copper Bar,125 x 8,HD12508,BARE HARD DRAWN COPPER BAR 125 X 8MM,
Bar material / finish,Tinned Hard Drawn Copper Bar,125 x 8,HDT12508,TINNED HARD DRAWN COPPER BAR 125 X 8MM,
Bar material / finish,Bare Hard Drawn Copper Bar,127 x 6,HD12706,BARE HARD DRAWN COPPER BAR 127 X 6MM,
Bar material / finish,Tinned Hard Drawn Copper Bar,127 x 6,HDT12706,TINNED HARD DRAWN COPPER BAR 127 X 6MM,
Bar material / finish,Bare Hard Drawn Copper Bar,15 x 5,HD1505,BARE HARD DRAWN COPPER BAR 15 X 5MM,3.31
Bar material / finish,Tinned Hard Drawn Copper Bar,15 x 5,HDT1505,TINNED HARD DRAWN COPPER BAR 15 X 5MM,0
Bar material / finish,Bare Hard Drawn Copper Bar,150 X 10,HD15010,BARE HARD DRAWN COPPER BAR 150 X 10MM,57.453
Bar material / finish,Tinned Hard Drawn Copper Bar,150 X 10,HDT15010,TINNED HARD DRAWN COPPER BAR 150 X 10MM,
Bar material / finish,Bare Hard Drawn Copper Bar,150 x 12,HD15012,BARE HARD DRAWN COPPER BAR 150 X 12MM,
Bar material / finish,Tinned Hard Drawn Copper Bar,150 x 12,HDT15012,TINNED HARD DRAWN COPPER BAR 150 X 12MM,
Bar material / finish,Bare Hard Drawn Copper Bar,150 x 5,HD15005,BARE HARD DRAWN COPPER BAR 150 X 5MM,
Bar material / finish,Tinned Hard Drawn Copper Bar,150 x 5,HDT15005,TINNED HARD DRAWN COPPER BAR 150 X 5MM,
Bar material / finish,Bare Hard Drawn Copper Bar,150 x 6,HD15006,BARE HARD DRAWN COPPER BAR 150 X 6MM,48.9
Bar material / finish,Tinned Hard Drawn Copper Bar,150 x 6,HDT15006,TINNED HARD DRAWN COPPER BAR 150 X 6MM,
Bar material / finish,Bare Hard Drawn Copper Bar,150 x 8,HD15008,BARE HARD DRAWN COPPER BAR 150 X 8MM,
Bar material / finish,Tinned Hard Drawn Copper Bar,150 x 8,HDT15008,TINNED HARD DRAWN COPPER BAR 150 X 8MM,
Bar material / finish,Bare Hard Drawn Copper Bar,16 x 6,HD1606,BARE HARD DRAWN COPPER BAR 16 X 6MM,10
Bar material / finish,Tinned Hard Drawn Copper Bar,16 x 6,HDT1606,TINNED HARD DRAWN COPPER BAR 16 X 6MM,0
Bar material / finish,Bare Hard Drawn Copper Bar,20 x 10,HD2010,BARE HARD DRAWN COPPER BAR 20 X 10MM,8.81
Bar material / finish,Tinned Hard Drawn Copper Bar,20 x 10,HDT2010,TINNED HARD DRAWN COPPER BAR 20 X 10MM,0
Bar material / finish,Bare Hard Drawn Copper Bar,20 x 12,HD2012,BARE HARD DRAWN COPPER BAR 20 X 12MM,
Bar material / finish,Tinned Hard Drawn Copper Bar,20 x 12,HDT2012,TINNED HARD DRAWN COPPER BAR 20 X 12MM,
Bar material / finish,Bare Hard Drawn Copper Bar,20 x 3,HD2003,BARE HARD DRAWN COPPER BAR 20 X 3MM,4.3
Bar material / finish,Tinned Hard Drawn Copper Bar,20 x 3,HDT2003,TINNED HARD DRAWN COPPER BAR 20 X 3MM,0
Bar material / finish,Bare Hard Drawn Copper Bar,20 x 4,HD2004,BARE HARD DRAWN COPPER BAR 20 X 4MM,8.21
Bar material / finish,Tinned Hard Drawn Copper Bar,20 x 4,HDT2004,TINNED HARD DRAWN COPPER BAR 20 X 4MM,0
Bar material / finish,Bare Hard Drawn Copper Bar,20 x 5,HD2005,BARE HARD DRAWN COPPER BAR 20 X 5MM,5.72
Bar material / finish,Tinned Hard Drawn Copper Bar,20 x 5,HDT2005,TINNED HARD DRAWN COPPER BAR 20 X 5MM,0
Bar material / finish,Bare Hard Drawn Copper Bar,20 x 6,HD2006,BARE HARD DRAWN COPPER BAR 20 X 6MM,4.74539
Bar material / finish,Tinned Hard Drawn Copper Bar,20 x 6,HDT2006,TINNED HARD DRAWN COPPER BAR 20 X 6MM,
Bar material / finish,Bare Hard Drawn Copper Bar,20 x 8,HD2008,BARE HARD DRAWN COPPER BAR 20 X 8MM,
Bar material / finish,Tinned Hard Drawn Copper Bar,20 x 8,HDT2008,TINNED HARD DRAWN COPPER BAR 20 X 8MM,
Bar material / finish,Bare Hard Drawn Copper Bar,200 x 10,HD20010,BARE HARD DRAWN COPPER BAR 200 X 10MM,
Bar material / finish,Tinned Hard Drawn Copper Bar,200 x 10,HDT20010,TINNED HARD DRAWN COPPER BAR 200 X 10MM,
Bar material / finish,Bare Hard Drawn Copper Bar,200 x 12,HD20012,BARE HARD DRAWN COPPER BAR 200 X 12MM,
Bar material / finish,Tinned Hard Drawn Copper Bar,200 x 12,HDT20012,TINNED HARD DRAWN COPPER BAR 200 X 12MM,
Bar material / finish,Bare Hard Drawn Copper Bar,200 x 6,HD20006,BARE HARD DRAWN COPPER BAR 200 X 6MM,
Bar material / finish,Tinned Hard Drawn Copper Bar,200 x 6,HDT20006,TINNED HARD DRAWN COPPER BAR 200 X 6MM,
Bar material / finish,Bare Hard Drawn Copper Bar,200 x 8,HD20008,BARE HARD DRAWN COPPER BAR 200 X 8MM,
Bar material / finish,Tinned Hard Drawn Copper Bar,200 x 8,HDT20008,TINNED HARD DRAWN COPPER BAR 200 X 8MM,
Bar material / finish,Bare Hard Drawn Copper Bar,25 x 10,HD2510,BARE HARD DRAWN COPPER BAR 25 X 10MM,9.6
Bar material / finish,Tinned Hard Drawn Copper Bar,25 x 10,HDT2510,TINNED HARD DRAWN COPPER BAR 25 X 10MM,
Bar material / finish,Bare Hard Drawn Copper Bar,25 x 12,HD2512,BARE HARD DRAWN COPPER BAR 25 X 12MM,
Bar material / finish,Tinned Hard Drawn Copper Bar,25 x 12,HDT2512,TINNED HARD DRAWN COPPER BAR 25 X 12MM,
Bar material / finish,Bare Hard Drawn Copper Bar,25 x 3,HD2503,BARE HARD DRAWN COPPER BAR 25 X 3MM,5.03422
Bar material / finish,Tinned Hard Drawn Copper Bar,25 x 3,HDT2503,TINNED HARD DRAWN COPPER BAR 25 X 3MM,11.2
Bar material / finish,Bare Hard Drawn Copper Bar,25 x 4,HD2504,BARE HARD DRAWN COPPER BAR 25 X 4MM,10
Bar material / finish,Tinned Hard Drawn Copper Bar,25 x 4,HDT2504,TINNED HARD DRAWN COPPER BAR 25 X 4MM,0
Bar material / finish,Bare Hard Drawn Copper Bar,25 x 5,HD2505,BARE HARD DRAWN COPPER BAR 25 X 5MM,7.4544
Bar material / finish,Tinned Hard Drawn Copper Bar,25 x 5,HDT2505,TINNED HARD DRAWN COPPER BAR 25 X 5MM,6.67
Bar material / finish,Bare Hard Drawn Copper Bar,25 x 6,HD2506,BARE HARD DRAWN COPPER BAR 25 X 6MM,10.73703
Bar material / finish,Tinned Hard Drawn Copper Bar,25 x 6,HDT2506,TINNED HARD DRAWN COPPER BAR 25 X 6MM,10.93
Bar material / finish,Bare Hard Drawn Copper Bar,25 x 8,HD2508,BARE HARD DRAWN COPPER BAR 25 X 8MM,15.13
Bar material / finish,Tinned Hard Drawn Copper Bar,25 x 8,HDT2508,TINNED HARD DRAWN COPPER BAR 25 X 8MM,
Bar material / finish,Bare Hard Drawn Copper Bar,250 x 10,HD25010,BARE HARD DRAWN COPPER BAR 250 X 10MM,
Bar material / finish,Tinned Hard Drawn Copper Bar,250 x 10,HDT25010,TINNED HARD DRAWN COPPER BAR 250 X 10MM,
Bar material / finish,Bare Hard Drawn Copper Bar,250 x 12,HD25012,BARE HARD DRAWN COPPER BAR 250 X 12MM,
Bar material / finish,Tinned Hard Drawn Copper Bar,250 x 12,HDT25012,TINNED HARD DRAWN COPPER BAR 250 X 12MM,
Bar material / finish,Bare Hard Drawn Copper Bar,250 x 6,HD25006,BARE HARD DRAWN COPPER BAR 250 X 6MM,
Bar material / finish,Tinned Hard Drawn Copper Bar,250 x 6,HDT25006,TINNED HARD DRAWN COPPER BAR 250 X 6MM,
Bar material / finish,Bare Hard Drawn Copper Bar,250 x 8,HD25008,BARE HARD DRAWN COPPER BAR 250 X 8MM,
Bar material / finish,Tinned Hard Drawn Copper Bar,250 x 8,HDT25008,TINNED HARD DRAWN COPPER BAR 250 X 8MM,
Bar material / finish,Bare Hard Drawn Copper Bar,30 x 10,HD3010,BARE HARD DRAWN COPPER BAR 30 X 10MM,24
Bar material / finish,Tinned Hard Drawn Copper Bar,30 x 10,HDT3010,TINNED HARD DRAWN COPPER BAR 30 X 10MM,0
Bar material / finish,Bare Hard Drawn Copper Bar,30 x 12,HD3012,BARE HARD DRAWN COPPER BAR 30 X 12MM,
Bar material / finish,Tinned Hard Drawn Copper Bar,30 x 12,HDT3012,TINNED HARD DRAWN COPPER BAR 30 X 12MM,
Bar material / finish,Bare Hard Drawn Copper Bar,30 x 15,HD3015,BARE HARD DRAWN COPPER BAR 30 X 15MM,
Bar material / finish,Tinned Hard Drawn Copper Bar,30 x 15,HDT3015,TINNED HARD DRAWN COPPER BAR 30 X 15MM,
Bar material / finish,Bare Hard Drawn Copper Bar,30 x 3,HD3003,BARE HARD DRAWN COPPER BAR 30 X 3MM,8.01
Bar material / finish,Tinned Hard Drawn Copper Bar,30 x 3,HDT3003,TINNED HARD DRAWN COPPER BAR 30 X 3MM,
Bar material / finish,Bare Hard Drawn Copper Bar,30 x 5,HD3005,BARE HARD DRAWN COPPER BAR 30 X 5MM,8.38826
Bar material / finish,Tinned Hard Drawn Copper Bar,30 x 5,HDT3005,TINNED HARD DRAWN COPPER BAR 30 X 5MM,8.99
Bar material / finish,Bare Hard Drawn Copper Bar,30 x 6,HD3006,BARE HARD DRAWN COPPER BAR 30 X 6MM,12.14869
Bar material / finish,Tinned Hard Drawn Copper Bar,30 x 6,HDT3006,TINNED HARD DRAWN COPPER BAR 30 X 6MM,0
Bar material / finish,Bare Hard Drawn Copper Bar,30 x 8,HD3008,BARE HARD DRAWN COPPER BAR 30 X 8MM,
Bar material / finish,Tinned Hard Drawn Copper Bar,30 x 8,HDT3008,TINNED HARD DRAWN COPPER BAR 30 X 8MM,
Bar material / finish,Bare Hard Drawn Copper Bar,300 x 10,HD300010,BARE HARD DRAWN COPPER BAR 300 X 10MM,
Bar material / finish,Tinned Hard Drawn Copper Bar,300 x 10,HDT30010,TINNED HARD DRAWN COPPER BAR 300 X 10MM,
Bar material / finish,Bare Hard Drawn Copper Bar,300 x 12,HD300012,BARE HARD DRAWN COPPER BAR 300 X 12MM,
Bar material / finish,Tinned Hard Drawn Copper Bar,300 x 12,HDT30012,TINNED HARD DRAWN COPPER BAR 300 X 12MM,
Bar material / finish,Bare Hard Drawn Copper Bar,300 x 6,HD30006,BARE HARD DRAWN COPPER BAR 300 X 6MM,
Bar material / finish,Tinned Hard Drawn Copper Bar,300 x 6,HDT30006,TINNED HARD DRAWN COPPER BAR 300 X 6MM,
Bar material / finish,Bare Hard Drawn Copper Bar,300 x 8,HD30008,BARE HARD DRAWN COPPER BAR 300 X 8MM,
Bar material / finish,Tinned Hard Drawn Copper Bar,300 x 8,HDT30008,TINNED HARD DRAWN COPPER BAR 300 X 8MM,
Bar material / finish,Bare Hard Drawn Copper Bar,31 x 10,HD3110,BARE HARD DRAWN COPPER BAR 31 X 10MM,
Bar material / finish,Tinned Hard Drawn Copper Bar,31 x 10,HDT3110,TINNED HARD DRAWN COPPER BAR 31 X 10MM,
Bar material / finish,Bare Hard Drawn Copper Bar,31 x 12,HD3112,BARE HARD DRAWN COPPER BAR 31 X 12MM,10.84
Bar material / finish,Tinned Hard Drawn Copper Bar,31 x 12,HDT3112,TINNED HARD DRAWN COPPER BAR 31 X 12MM,
Bar material / finish,Bare Hard Drawn Copper Bar,31 x 3,HD3103,BARE HARD DRAWN COPPER BAR 31 X 3MM,
Bar material / finish,Tinned Hard Drawn Copper Bar,31 x 3,HDT3103,TINNED HARD DRAWN COPPER BAR 31 X 3MM,
Bar material / finish,Bare Hard Drawn Copper Bar,31 x 4,HD3104,BARE HARD DRAWN COPPER BAR 31 X 4MM,
Bar material / finish,Tinned Hard Drawn Copper Bar,31 x 4,HDT3104,TINNED HARD DRAWN COPPER BAR 31 X 4MM,
Bar material / finish,Bare Hard Drawn Copper Bar,31 x 5,HD3105,BARE HARD DRAWN COPPER BAR 31 X 5MM,
Bar material / finish,Tinned Hard Drawn Copper Bar,31 x 5,HDT3105,TINNED HARD DRAWN COPPER BAR 31 X 5MM,
Bar material / finish,Bare Hard Drawn Copper Bar,31 x 6,HD3106,BARE HARD DRAWN COPPER BAR 31 X 6MM,0
Bar material / finish,Tinned Hard Drawn Copper Bar,31 x 6,HDT3106,TINNED HARD DRAWN COPPER BAR 31 X 6MM,
Bar material / finish,Bare Hard Drawn Copper Bar,31 x 8,HD3108,BARE HARD DRAWN COPPER BAR 31 X 8MM,
Bar material / finish,Tinned Hard Drawn Copper Bar,31 x 8,HDT3108,TINNED HARD DRAWN COPPER BAR 31 X 8MM,
Bar material / finish,Bare Hard Drawn Copper Bar,32 x 10,HD3210,BARE HARD DRAWN COPPER BAR 32 X 10MM,
Bar material / finish,Tinned Hard Drawn Copper Bar,32 x 10,HDT3210,TINNED HARD DRAWN COPPER BAR 32 X 10MM,
Bar material / finish,Bare Hard Drawn Copper Bar,32 x 12,HD3212,BARE HARD DRAWN COPPER BAR 32 X 12MM,
Bar material / finish,Tinned Hard Drawn Copper Bar,32 x 12,HDT3212,TINNED HARD DRAWN COPPER BAR 32 X 12MM,
Bar material / finish,Bare Hard Drawn Copper Bar,32 x 3,HD3203,BARE HARD DRAWN COPPER BAR 32 X 3MM,
Bar material / finish,Tinned Hard Drawn Copper Bar,32 x 3,HDT3203,TINNED HARD DRAWN COPPER BAR 32 X 3MM,
Bar material / finish,Bare Hard Drawn Copper Bar,32 x 4,HD3204,BARE HARD DRAWN COPPER BAR 32 X 4MM,
Bar material / finish,Tinned Hard Drawn Copper Bar,32 x 4,HDT3204,TINNED HARD DRAWN COPPER BAR 32 X 4MM,
Bar material / finish,Bare Hard Drawn Copper Bar,32 x 5,HD3205,BARE HARD DRAWN COPPER BAR 32 X 5MM,
Bar material / finish,Tinned Hard Drawn Copper Bar,32 x 5,HDT3205,TINNED HARD DRAWN COPPER BAR 32 X 5MM,
Bar material / finish,Bare Hard Drawn Copper Bar,32 x 6,HD3206,BARE HARD DRAWN COPPER BAR 32 X 6MM,14.82
Bar material / finish,Tinned Hard Drawn Copper Bar,32 x 6,HDT3206,TINNED HARD DRAWN COPPER BAR 32 X 6MM,0
Bar material / finish,Bare Hard Drawn Copper Bar,32 x 8,HD3208,BARE HARD DRAWN COPPER BAR 32 X 8MM,
Bar material / finish,Tinned Hard Drawn Copper Bar,32 x 8,HDT3208,TINNED HARD DRAWN COPPER BAR 32 X 8MM,
Bar material / finish,Bare Hard Drawn Copper Bar,38 x 10,HD3810,BARE HARD DRAWN COPPER BAR 38 X 10MM,
Bar material / finish,Tinned Hard Drawn Copper Bar,38 x 10,HDT3810,TINNED HARD DRAWN COPPER BAR 38 X 10MM,
Bar material / finish,Bare Hard Drawn Copper Bar,38 x 12,HD3812,BARE HARD DRAWN COPPER BAR 38 X 12MM,
Bar material / finish,Tinned Hard Drawn Copper Bar,38 x 12,HDT3812,TINNED HARD DRAWN COPPER BAR 38 X 12MM,
Bar material / finish,Bare Hard Drawn Copper Bar,38 x 3,HD3803,BARE HARD DRAWN COPPER BAR 38 X 3MM,9.5
Bar material / finish,Tinned Hard Drawn Copper Bar,38 x 3,HDT3803,TINNED HARD DRAWN COPPER BAR 38 X 3MM,
Bar material / finish,Bare Hard Drawn Copper Bar,38 x 4,HD3804,BARE HARD DRAWN COPPER BAR 38 X 4MM,
Bar material / finish,Tinned Hard Drawn Copper Bar,38 x 4,HDT3804,TINNED HARD DRAWN COPPER BAR 38 X 4MM,
Bar material / finish,Bare Hard Drawn Copper Bar,38 x 5,HD3805,BARE HARD DRAWN COPPER BAR 38 X 5MM,11.3
Bar material / finish,Tinned Hard Drawn Copper Bar,38 x 5,HDT3805,TINNED HARD DRAWN COPPER BAR 38 X 5MM,
Bar material / finish,Bare Hard Drawn Copper Bar,38 x 6,HD3806,BARE HARD DRAWN COPPER BAR 38 X 6MM,19.45576
Bar material / finish,Tinned Hard Drawn Copper Bar,38 x 6,HDT3806,TINNED HARD DRAWN COPPER BAR 38 X 6MM,0
Bar material / finish,Bare Hard Drawn Copper Bar,38 x 8,HD3808,BARE HARD DRAWN COPPER BAR 38 X 8MM,
Bar material / finish,Tinned Hard Drawn Copper Bar,38 x 8,HDT3808,TINNED HARD DRAWN COPPER BAR 38 X 8MM,
Bar material / finish,Bare Hard Drawn Copper Bar,40 x 10,HD4010,BARE HARD DRAWN COPPER BAR 40 X 10MM,21.36
Bar material / finish,Tinned Hard Drawn Copper Bar,40 x 10,HDT4010,TINNED HARD DRAWN COPPER BAR 40 X 10MM,0
Bar material / finish,Bare Hard Drawn Copper Bar,40 x 12,HD4012,BARE HARD DRAWN COPPER BAR 40 X 12MM,
Bar material / finish,Tinned Hard Drawn Copper Bar,40 x 12,HDT4012,TINNED HARD DRAWN COPPER BAR 40 X 12MM,
Bar material / finish,Bare Hard Drawn Copper Bar,40 x 3,HD4003,BARE HARD DRAWN COPPER BAR 40 X 3MM,5.4
Bar material / finish,Tinned Hard Drawn Copper Bar,40 x 3,HDT4003,TINNED HARD DRAWN COPPER BAR 40 X 3MM,0
Bar material / finish,Bare Hard Drawn Copper Bar,40 x 4,HD4004,BARE HARD DRAWN COPPER BAR 40 X 4MM,10.23
Bar material / finish,Tinned Hard Drawn Copper Bar,40 x 4,HDT4004,TINNED HARD DRAWN COPPER BAR 40 X 4MM,8.79816
Bar material / finish,Bare Hard Drawn Copper Bar,40 x 5,HD4005,BARE HARD DRAWN COPPER BAR 40 X 5MM,13.5725
Bar material / finish,Tinned Hard Drawn Copper Bar,40 x 5,HDT4005,TINNED HARD DRAWN COPPER BAR 40 X 5MM,7.11
Bar material / finish,Bare Hard Drawn Copper Bar,40 x 6,HD4006,BARE HARD DRAWN COPPER BAR 40 X 6MM,17.5
Bar material / finish,Tinned Hard Drawn Copper Bar,40 x 6,HDT4006,TINNED HARD DRAWN COPPER BAR 40 X 6MM,12.7
Bar material / finish,Bare Hard Drawn Copper Bar,40 x 8,HD4008,BARE HARD DRAWN COPPER BAR 40 X 8MM,0
Bar material / finish,Tinned Hard Drawn Copper Bar,40 x 8,HDT4008,TINNED HARD DRAWN COPPER BAR 40 X 8MM,
Bar material / finish,Bare Hard Drawn Copper Bar,50 x 10,HD5010,BARE HARD DRAWN COPPER BAR 50 X 10MM,34.93235
Bar material / finish,Tinned Hard Drawn Copper Bar,50 x 10,HDT5010,TINNED HARD DRAWN COPPER BAR 50 X 10MM,35.32
Bar material / finish,Bare Hard Drawn Copper Bar,50 x 12,HD5012,BARE HARD DRAWN COPPER BAR 50 X 12MM,41.65523
Bar material / finish,Tinned Hard Drawn Copper Bar,50 x 12,HDT5012,TINNED HARD DRAWN COPPER BAR 50 X 12MM,
Bar material / finish,Bare Hard Drawn Copper Bar,50 x 15,HD5015,BARE HARD DRAWN COPPER BAR 50 X 15MM,0
Bar material / finish,Tinned Hard Drawn Copper Bar,50 x 15,HDT5015,TINNED HARD DRAWN COPPER BAR 50 X 15MM,
Bar material / finish,Bare Hard Drawn Copper Bar,50 x 3,HD5003,BARE HARD DRAWN COPPER BAR 50 X 3MM,6.36
Bar material / finish,Tinned Hard Drawn Copper Bar,50 x 3,HDT5003,TINNED HARD DRAWN COPPER BAR 50 X 3MM,0
Bar material / finish,Bare Hard Drawn Copper Bar,50 x 4,HD5004,BARE HARD DRAWN COPPER BAR 50 X 4MM,14.8581
Bar material / finish,Tinned Hard Drawn Copper Bar,50 x 4,HDT5004,TINNED HARD DRAWN COPPER BAR 50 X 4MM,17.35
Bar material / finish,Bare Hard Drawn Copper Bar,50 x 5,HD5005,BARE HARD DRAWN COPPER BAR 50 X 5MM,13.19578
Bar material / finish,Tinned Hard Drawn Copper Bar,50 x 5,HDT5005,TINNED HARD DRAWN COPPER BAR 50 X 5MM,9.72
Bar material / finish,Bare Hard Drawn Copper Bar,50 x 6,HD5006,BARE HARD DRAWN COPPER BAR 50 X 6MM,20.00549
Bar material / finish,Tinned Hard Drawn Copper Bar,50 x 6,HDT5006,TINNED HARD DRAWN COPPER BAR 50 X 6MM,16.10864
Bar material / finish,Bare Hard Drawn Copper Bar,50 x 8,HD5008,BARE HARD DRAWN COPPER BAR 50 X 8MM,26.67132
Bar material / finish,Tinned Hard Drawn Copper Bar,50 x 8,HDT5008,TINNED HARD DRAWN COPPER BAR 50 X 8MM,23.35
Bar material / finish,Bare Hard Drawn Copper Bar,60 x 10,HD6010,BARE HARD DRAWN COPPER BAR 60 X 10MM,29.59886
Bar material / finish,Tinned Hard Drawn Copper Bar,60 x 10,HDT6010,TINNED HARD DRAWN COPPER BAR 60 X 10MM,0
Bar material / finish,Bare Hard Drawn Copper Bar,60 x 12,HD6012,BARE HARD DRAWN COPPER BAR 60 X 12MM,
Bar material / finish,Tinned Hard Drawn Copper Bar,60 x 12,HDT6012,TINNED HARD DRAWN COPPER BAR 60 X 12MM,
Bar material / finish,Bare Hard Drawn Copper Bar,60 x 15,HD6015,BARE HARD DRAWN COPPER BAR 60 X 15MM,
Bar material / finish,Tinned Hard Drawn Copper Bar,60 x 15,HDT6015,TINNED HARD DRAWN COPPER BAR 60 X 15MM,
Bar material / finish,Bare Hard Drawn Copper Bar,60 x 3,HD6003,BARE HARD DRAWN COPPER BAR 60 X 3MM,
Bar material / finish,Tinned Hard Drawn Copper Bar,60 x 3,HDT6003,TINNED HARD DRAWN COPPER BAR 60 X 3MM,
Bar material / finish,Bare Hard Drawn Copper Bar,60 x 4,HD6004,BARE HARD DRAWN COPPER BAR 60 X 4MM,15.6375
Bar material / finish,Tinned Hard Drawn Copper Bar,60 x 4,HDT6004,TINNED HARD DRAWN COPPER BAR 60 X 4MM,
Bar material / finish,Bare Hard Drawn Copper Bar,60 x 5,HD6005,BARE HARD DRAWN COPPER BAR 60 X 5MM,17.33
Bar material / finish,Tinned Hard Drawn Copper Bar,60 x 5,HDT6005,TINNED HARD DRAWN COPPER BAR 60 X 5MM,16.67
Bar material / finish,Bare Hard Drawn Copper Bar,60 x 6,HD6006,BARE HARD DRAWN COPPER BAR 60 X 6MM,29.04324
Bar material / finish,Tinned Hard Drawn Copper Bar,60 x 6,HDT6006,TINNED HARD DRAWN COPPER BAR 60 X 6MM,
Bar material / finish,Bare Hard Drawn Copper Bar,60 x 8,HD6008,BARE HARD DRAWN COPPER BAR 60 X 8MM,49.79
Bar material / finish,Tinned Hard Drawn Copper Bar,60 x 8,HDT6008,TINNED HARD DRAWN COPPER BAR 60 X 8MM,
Bar material / finish,Bare Hard Drawn Copper Bar,63 x 10,HD6310,BARE HARD DRAWN COPPER BAR 63 X 10MM,
Bar material / finish,Tinned Hard Drawn Copper Bar,63 x 10,HDT6310,TINNED HARD DRAWN COPPER BAR 63 X 10MM,
Bar material / finish,Bare Hard Drawn Copper Bar,63 x 12,HD6312,BARE HARD DRAWN COPPER BAR 63 X 12MM,
Bar material / finish,Tinned Hard Drawn Copper Bar,63 x 12,HDT6312,TINNED HARD DRAWN COPPER BAR 63 X 12MM,
Bar material / finish,Bare Hard Drawn Copper Bar,63 x 3,HD6303,BARE HARD DRAWN COPPER BAR 63 X 3MM,
Bar material / finish,Tinned Hard Drawn Copper Bar,63 x 3,HDT6303,TINNED HARD DRAWN COPPER BAR 63 X 3MM,
Bar material / finish,Bare Hard Drawn Copper Bar,63 x 4,HD6304,BARE HARD DRAWN COPPER BAR 63 X 4MM,
Bar material / finish,Tinned Hard Drawn Copper Bar,63 x 4,HDT6304,TINNED HARD DRAWN COPPER BAR 63 X 4MM,
Bar material / finish,Bare Hard Drawn Copper Bar,63 x 5,HD6305,BARE HARD DRAWN COPPER BAR 63 X 5MM,
Bar material / finish,Tinned Hard Drawn Copper Bar,63 x 5,HDT6305,TINNED HARD DRAWN COPPER BAR 63 X 5MM,
Bar material / finish,Bare Hard Drawn Copper Bar,63 x 6,HD6306,BARE HARD DRAWN COPPER BAR 63 X 6MM,35.42245
Bar material / finish,Tinned Hard Drawn Copper Bar,63 x 6,HDT6306,TINNED HARD DRAWN COPPER BAR 63 X 6MM,
Bar material / finish,Bare Hard Drawn Copper Bar,63 x 8,HD6308,BARE HARD DRAWN COPPER BAR 63 X 8MM,
Bar material / finish,Tinned Hard Drawn Copper Bar,63 x 8,HDT6308,TINNED HARD DRAWN COPPER BAR 63 X 8MM,
Bar material / finish,Bare Hard Drawn Copper Bar,65 x 10,HD6510,BARE HARD DRAWN COPPER BAR 65 X 10MM,
Bar material / finish,Tinned Hard Drawn Copper Bar,65 x 10,HDT6510,TINNED HARD DRAWN COPPER BAR 65 X 10MM,
Bar material / finish,Bare Hard Drawn Copper Bar,65 x 12,HD6512,BARE HARD DRAWN COPPER BAR 65 X 12MM,
Bar material / finish,Tinned Hard Drawn Copper Bar,65 x 12,HDT6512,TINNED HARD DRAWN COPPER BAR 65 X 12MM,
Bar material / finish,Bare Hard Drawn Copper Bar,65 x 3,HD6503,BARE HARD DRAWN COPPER BAR 65 X 3MM,
Bar material / finish,Tinned Hard Drawn Copper Bar,65 x 3,HDT6503,TINNED HARD DRAWN COPPER BAR 65 X 3MM,
Bar material / finish,Bare Hard Drawn Copper Bar,65 x 4,HD6504,BARE HARD DRAWN COPPER BAR 65 X 4MM,
Bar material / finish,Tinned Hard Drawn Copper Bar,65 x 4,HDT6504,TINNED HARD DRAWN COPPER BAR 65 X 4MM,
Bar material / finish,Bare Hard Drawn Copper Bar,65 x 5,HD6505,BARE HARD DRAWN COPPER BAR 65 X 5MM,
Bar material / finish,Tinned Hard Drawn Copper Bar,65 x 5,HDT6505,TINNED HARD DRAWN COPPER BAR 65 X 5MM,
Bar material / finish,Bare Hard Drawn Copper Bar,65 x 6,HD6506,BARE HARD DRAWN COPPER BAR 65 X 6MM,
Bar material / finish,Tinned Hard Drawn Copper Bar,65 x 6,HDT6506,TINNED HARD DRAWN COPPER BAR 65 X 6MM,
Bar material / finish,Bare Hard Drawn Copper Bar,65 x 8,HD6508,BARE HARD DRAWN COPPER BAR 65 X 8MM,
Bar material / finish,Tinned Hard Drawn Copper Bar,65 x 8,HDT6508,TINNED HARD DRAWN COPPER BAR 65 X 8MM,
Bar material / finish,Bare Hard Drawn Copper Bar,70 x 10,HD7010,BARE HARD DRAWN COPPER BAR 70 X 10MM,30.30752
Bar material / finish,Tinned Hard Drawn Copper Bar,70 x 10,HDT7010,TINNED HARD DRAWN COPPER BAR 70 X 10MM,
Bar material / finish,Bare Hard Drawn Copper Bar,70 x 12,HD7012,BARE HARD DRAWN COPPER BAR 70 X 12MM,
Bar material / finish,Tinned Hard Drawn Copper Bar,70 x 12,HDT7012,TINNED HARD DRAWN COPPER BAR 70 X 12MM,
Bar material / finish,Bare Hard Drawn Copper Bar,70 x 4,HD7004,BARE HARD DRAWN COPPER BAR 70 X 3MM,
Bar material / finish,Tinned Hard Drawn Copper Bar,70 x 4,HDT7004,TINNED HARD DRAWN COPPER BAR 70 X 3MM,
Bar material / finish,Bare Hard Drawn Copper Bar,70 x 5,HD7005,BARE HARD DRAWN COPPER BAR 70 X 5MM,20.52
Bar material / finish,Tinned Hard Drawn Copper Bar,70 x 5,HDT7005,TINNED HARD DRAWN COPPER BAR 70 X 5MM,
Bar material / finish,Bare Hard Drawn Copper Bar,70 x 6,HD7006,BARE HARD DRAWN COPPER BAR 70 X 6MM,26.25
Bar material / finish,Tinned Hard Drawn Copper Bar,70 x 6,HDT7006,TINNED HARD DRAWN COPPER BAR 70 X 6MM,
Bar material / finish,Bare Hard Drawn Copper Bar,70 x 8,HD7008,BARE HARD DRAWN COPPER BAR 70 X 8MM,
Bar material / finish,Tinned Hard Drawn Copper Bar,70 x 8,HDT7008,TINNED HARD DRAWN COPPER BAR 70 X 8MM,
Bar material / finish,Bare Hard Drawn Copper Bar,75 x 10,HD7510,BARE HARD DRAWN COPPER BAR 75 X 10MM,38.15102
Bar material / finish,Tinned Hard Drawn Copper Bar,75 x 10,HDT7510,TINNED HARD DRAWN COPPER BAR 75 X 10MM,48.93
Bar material / finish,Bare Hard Drawn Copper Bar,75 x 12,HD7512,BARE HARD DRAWN COPPER BAR 75 X 12MM,55.1
Bar material / finish,Tinned Hard Drawn Copper Bar,75 x 12,HDT7512,TINNED HARD DRAWN COPPER BAR 75 X 12MM,
Bar material / finish,Bare Hard Drawn Copper Bar,75 x 12.5,HD7512.5,BARE HARD DRAWN COPPER BAR 75 X 12.5MM,
Bar material / finish,Tinned Hard Drawn Copper Bar,75 x 12.5,HDT7512.5,TINNED HARD DRAWN COPPER BAR 75 X 5MM,
Bar material / finish,Bare Hard Drawn Copper Bar,75 x 3,HD7503,BARE HARD DRAWN COPPER BAR 75 X 3MM,
Bar material / finish,Tinned Hard Drawn Copper Bar,75 x 3,HDT7503,TINNED HARD DRAWN COPPER BAR 75 X 3MM,
Bar material / finish,Bare Hard Drawn Copper Bar,75 x 4,HD7504,BARE HARD DRAWN COPPER BAR 75 X 4MM,19.37
Bar material / finish,Tinned Hard Drawn Copper Bar,75 x 4,HDT7504,TINNED HARD DRAWN COPPER BAR 75 X 4MM,
Bar material / finish,Bare Hard Drawn Copper Bar,75 x 5,HD7505,BARE HARD DRAWN COPPER BAR 75 X 5MM,27.3
Bar material / finish,Tinned Hard Drawn Copper Bar,75 x 5,HDT7505,TINNED HARD DRAWN COPPER BAR 75 X 5MM,0
Bar material / finish,Bare Hard Drawn Copper Bar,75 x 6,HD7506,BARE HARD DRAWN COPPER BAR 75 X 6MM,32.49373
Bar material / finish,Tinned Hard Drawn Copper Bar,75 x 6,HDT7506,TINNED HARD DRAWN COPPER BAR 75 X 6MM,0
Bar material / finish,Bare Hard Drawn Copper Bar,75 x 8,HD7508,BARE HARD DRAWN COPPER BAR 75 X 8MM,36.53502
Bar material / finish,Tinned Hard Drawn Copper Bar,75 x 8,HDT7508,TINNED HARD DRAWN COPPER BAR 75 X 8MM,
Bar material / finish,Bare Hard Drawn Copper Bar,80 x 10,HD8010,BARE HARD DRAWN COPPER BAR 80 X 10MM,55
Bar material / finish,Tinned Hard Drawn Copper Bar,80 x 10,HDT8010,TINNED HARD DRAWN COPPER BAR 80 X 10MM,53.4
Bar material / finish,Bare Hard Drawn Copper Bar,80 x 12,HD8012,BARE HARD DRAWN COPPER BAR 80 X 12MM,42.30016
Bar material / finish,Tinned Hard Drawn Copper Bar,80 x 12,HDT8012,TINNED HARD DRAWN COPPER BAR 80 X 12MM,
Bar material / finish,Bare Hard Drawn Copper Bar,80 x 5,HD8005,BARE HARD DRAWN COPPER BAR 80 X 5MM,19.58
Bar material / finish,Tinned Hard Drawn Copper Bar,80 x 5,HDT8005,TINNED HARD DRAWN COPPER BAR 80 X 5MM,
Bar material / finish,Bare Hard Drawn Copper Bar,80 x 6,HD8006,BARE HARD DRAWN COPPER BAR 80 X 6MM,38.45
Bar material / finish,Tinned Hard Drawn Copper Bar,80 x 6,HDT8006,TINNED HARD DRAWN COPPER BAR 80 X 6MM,0
Bar material / finish,Bare Hard Drawn Copper Bar,80 x 8,HD8008,BARE HARD DRAWN COPPER BAR 80 X 8MM,33.06
Bar material / finish,Tinned Hard Drawn Copper Bar,80 x 8,HDT8008,TINNED HARD DRAWN COPPER BAR 80 X 8MM,0